metric,value
n_rows,100116.0
n_tickers,35.0
label_pos,53952.0
label_neg,46164.0
pos_rate,0.5388948819369531
avg_holding_td,3.4185944304606655
