top_k,Total_Return,CAGR,Sharpe,Sortino,Max_Drawdown,Calmar,VaR_95,Win_Rate,Avg_Daily_Ret,Std_Daily_Ret,N_Days
3,5.577102774486214,0.36424577538458824,1.020885776175428,1.5066988621389077,-0.2816528690049577,1.29324361818653,-0.02922739361900223,0.5271002710027101,0.0014908272061474252,0.020761659859278563,1476
5,2.909715231217457,0.2521137814015231,0.8069205848691517,1.184946526315806,-0.21149665554345953,1.1920461850977937,-0.026741921571472906,0.5345528455284553,0.0010930863299473488,0.018442140219438023,1476
8,3.323109138903197,0.27303923466008073,0.8900259837915288,1.2333394499961612,-0.24842029753898942,1.0991019548925038,-0.02535154372827555,0.5433604336043361,0.00114851293790232,0.017708710737806912,1476
10,3.574102161700874,0.28494160991688,0.9459119160138705,1.292666231494388,-0.2415471993375954,1.1796518887334932,-0.023989866749307902,0.5447154471544715,0.0011769659782249538,0.01713995820757031,1476
12,3.157766693953543,0.2648792124035255,0.9003516038954921,1.225756314763533,-0.24592385783385462,1.077078144172889,-0.024356341502123863,0.5426829268292683,0.0011056760724986435,0.016750343392540567,1476
15,2.8670999840604323,0.24985296399793544,0.8636371251553371,1.1775808569493187,-0.2564056261238321,0.9744441562185846,-0.024424045154044463,0.5494579945799458,0.0010519759654722242,0.01647536373022197,1476
