rebalance_days,Total_Return,CAGR,Sharpe,Sortino,Max_Drawdown,Calmar,VaR_95,Win_Rate,Avg_Daily_Ret,Std_Daily_Ret,N_Days
5,2.8239698824617037,0.24754354811518908,0.84181248188063,1.0944945629783693,-0.29417516808808386,0.8414834934030461,-0.024213374948301468,0.5440379403794038,0.0010521887394413314,0.016906512740353853,1476
10,3.574102161700874,0.28494160991688,0.9459119160138705,1.292666231494388,-0.2415471993375954,1.1796518887334932,-0.023989866749307902,0.5447154471544715,0.0011769659782249538,0.01713995820757031,1476
15,2.691015044706235,0.24028487838513368,0.8090801526677908,1.0573596873491249,-0.3960885400527895,0.6066443587413795,-0.023778371452358168,0.5426829268292683,0.0010334223523137405,0.01722228167861701,1476
21,2.178627420822787,0.2100923645946331,0.7258509507455569,0.9597225129532444,-0.4260888305014888,0.4930717483191548,-0.025140022052060007,0.5447154471544715,0.0009257892054837214,0.016843104002589614,1476
42,1.6128347124811904,0.17160468415019348,0.595024708947656,0.8085685506672853,-0.41118811028265667,0.41733863372710345,-0.025962771977235267,0.5426829268292683,0.0007971022134097682,0.017113138719592257,1476
